{"cameraMode":{"drawMode":0,"name":"Shaded","section":"Shading Mode"},"sceneLighting":true,"audioPlay":false,"sceneViewState":{"showFog":true,"showMaterialUpdate":false,"showSkybox":true,"showFlares":true,"showImageEffects":true,"showParticleSystems":true},"in2DMode":false,"pivot":{"x":-2.569999933242798,"y":0.25,"z":-2.200000047683716},"rotation":{"x":0.10117065161466599,"y":-0.8596643209457398,"z":0.18727916479110719,"w":0.46440109610557558},"size":23.72142791748047,"orthographic":false}